gbifID	datasetKey	occurrenceID	kingdom	phylum	class	order	family	genus	species	infraspecificEpithet	taxonRank	scientificName	verbatimScientificName	verbatimScientificNameAuthorship	countryCode	locality	stateProvince	occurrenceStatus	individualCount	publishingOrgKey	decimalLatitude	decimalLongitude	coordinateUncertaintyInMeters	coordinatePrecision	elevation	elevationAccuracy	depth	depthAccuracy	eventDate	day	month	year	taxonKey	speciesKey	basisOfRecord	institutionCode	collectionCode	catalogNumber	recordNumber	identifiedBy	dateIdentified	license	rightsHolder	recordedBy	typeStatus	establishmentMeans	lastInterpreted	mediaType	issue
658832619	10e44c48-0839-4a20-86d5-f0e23ae2e366	658832619	Animalia	Arthropoda	Insecta	Hymenoptera	Colletidae	Hylaeus	Hylaeus modestus		SPECIES	Hylaeus modestus Say, 1837	Hylaeus modestus citrinifrons	(Cockerell 1896)	US	Pleasant Valley	Washington	PRESENT		1e26a630-7203-11dc-a0d8-b8a03c50a862	48.849	-122.587							1977-06-11T00:00:00	11	6	1977	1349446	1349446	PRESERVED_SPECIMEN	USDA-ARS	BBSL	85019				CC_BY_4_0		T.L. Whitworth			2023-09-07T02:41:58.570Z		GEODETIC_DATUM_ASSUMED_WGS84;CONTINENT_DERIVED_FROM_COORDINATES;TAXON_MATCH_HIGHERRANK;INSTITUTION_MATCH_FUZZY;COLLECTION_MATCH_FUZZY
658436196	aae308f4-9f9c-4cdd-b4ef-c026f48be551	452cc8ea-1ed6-11e3-bfac-90b11c41863e	Animalia	Arthropoda	Insecta	Hymenoptera	Colletidae	Hylaeus			GENUS	Hylaeus Fabricius, 1793	Hylaeus		CA	Keremeos;  8 km N	British Columbia	PRESENT		b554c320-0560-11d8-b851-b8a03c50a862	49.27	-119.83							1988-07-01T00:00:00	1	7	1988	1349360		PRESERVED_SPECIMEN	KU	SEMC	998440				CC_BY_4_0		Michener, Charles			2023-11-06T16:13:36.639Z	StillImage	GEODETIC_DATUM_ASSUMED_WGS84
658436193	aae308f4-9f9c-4cdd-b4ef-c026f48be551	452cc14f-1ed6-11e3-bfac-90b11c41863e	Animalia	Arthropoda	Insecta	Hymenoptera	Colletidae	Hylaeus			GENUS	Hylaeus Fabricius, 1793	Hylaeus		CA	Keremeos;  8 km N	British Columbia	PRESENT		b554c320-0560-11d8-b851-b8a03c50a862	49.27	-119.83							1988-07-01T00:00:00	1	7	1988	1349360		PRESERVED_SPECIMEN	KU	SEMC	998437				CC_BY_4_0		Michener, Charles			2023-11-06T16:13:35.272Z	StillImage	GEODETIC_DATUM_ASSUMED_WGS84
658436192	aae308f4-9f9c-4cdd-b4ef-c026f48be551	452cbec7-1ed6-11e3-bfac-90b11c41863e	Animalia	Arthropoda	Insecta	Hymenoptera	Colletidae	Hylaeus			GENUS	Hylaeus Fabricius, 1793	Hylaeus		CA	Keremeos;  8 km N	British Columbia	PRESENT		b554c320-0560-11d8-b851-b8a03c50a862	49.27	-119.83							1988-07-01T00:00:00	1	7	1988	1349360		PRESERVED_SPECIMEN	KU	SEMC	998436				CC_BY_4_0		Michener, Charles			2023-11-06T16:13:37.965Z	StillImage	GEODETIC_DATUM_ASSUMED_WGS84
658436191	aae308f4-9f9c-4cdd-b4ef-c026f48be551	452cbc41-1ed6-11e3-bfac-90b11c41863e	Animalia	Arthropoda	Insecta	Hymenoptera	Colletidae	Hylaeus			GENUS	Hylaeus Fabricius, 1793	Hylaeus		CA	Keremeos;  8 km N	British Columbia	PRESENT		b554c320-0560-11d8-b851-b8a03c50a862	49.27	-119.83							1988-07-01T00:00:00	1	7	1988	1349360		PRESERVED_SPECIMEN	KU	SEMC	998435				CC_BY_4_0		Michener, Charles			2023-11-06T16:13:37.667Z	StillImage	GEODETIC_DATUM_ASSUMED_WGS84
658436023	aae308f4-9f9c-4cdd-b4ef-c026f48be551	452b0db5-1ed6-11e3-bfac-90b11c41863e	Animalia	Arthropoda	Insecta	Hymenoptera	Colletidae	Hylaeus			GENUS	Hylaeus Fabricius, 1793	Hylaeus		CA	Princeton, 31 km S	British Columbia	PRESENT		b554c320-0560-11d8-b851-b8a03c50a862	49.45	-120.589							1988-07-02T00:00:00	2	7	1988	1349360		PRESERVED_SPECIMEN	KU	SEMC	998267				CC_BY_4_0		Michener, Charles			2023-11-06T16:13:36.397Z	StillImage	GEODETIC_DATUM_ASSUMED_WGS84
658113223	aae308f4-9f9c-4cdd-b4ef-c026f48be551	3344f6c7-1ed6-11e3-bfac-90b11c41863e	Animalia	Arthropoda	Insecta	Hymenoptera	Colletidae	Colletes	Colletes kincaidii		SPECIES	Colletes kincaidii Cockerell, 1898	Colletes kincaidii		CA	Vancouver Island, Maple Bay	British Columbia	PRESENT		b554c320-0560-11d8-b851-b8a03c50a862	48.8167	-123.6							1933-07-12T00:00:00	12	7	1933	1348598	1348598	PRESERVED_SPECIMEN	KU	SEMC	282264				CC_BY_4_0		McDunnough, J			2023-11-06T16:13:30.830Z		GEODETIC_DATUM_ASSUMED_WGS84
658113219	aae308f4-9f9c-4cdd-b4ef-c026f48be551	3344e712-1ed6-11e3-bfac-90b11c41863e	Animalia	Arthropoda	Insecta	Hymenoptera	Colletidae	Colletes	Colletes kincaidii		SPECIES	Colletes kincaidii Cockerell, 1898	Colletes kincaidii		CA	Nanaimo	British Columbia	PRESENT		b554c320-0560-11d8-b851-b8a03c50a862	49.15	-123.9167							1920-06-27T00:00:00	27	6	1920	1348598	1348598	PRESERVED_SPECIMEN	KU	SEMC	282260		Stephen, William		CC_BY_4_0		VanDuzee, Edward			2023-11-06T16:13:30.946Z		GEODETIC_DATUM_ASSUMED_WGS84
658113216	aae308f4-9f9c-4cdd-b4ef-c026f48be551	3344de58-1ed6-11e3-bfac-90b11c41863e	Animalia	Arthropoda	Insecta	Hymenoptera	Colletidae	Colletes	Colletes kincaidii		SPECIES	Colletes kincaidii Cockerell, 1898	Colletes kincaidii		CA	Vancouver Island, Maple Bay	British Columbia	PRESENT		b554c320-0560-11d8-b851-b8a03c50a862	48.8167	-123.6							1933-07-12T00:00:00	12	7	1933	1348598	1348598	PRESERVED_SPECIMEN	KU	SEMC	282257		Stephen, William		CC_BY_4_0		McDunnough, J			2023-11-06T16:13:30.914Z		GEODETIC_DATUM_ASSUMED_WGS84
658113215	aae308f4-9f9c-4cdd-b4ef-c026f48be551	3344d7da-1ed6-11e3-bfac-90b11c41863e	Animalia	Arthropoda	Insecta	Hymenoptera	Colletidae	Colletes	Colletes kincaidii		SPECIES	Colletes kincaidii Cockerell, 1898	Colletes kincaidii		CA	Keremeos	British Columbia	PRESENT		b554c320-0560-11d8-b851-b8a03c50a862	49.2	-119.8167							1923-07-16T00:00:00	16	7	1923	1348598	1348598	PRESERVED_SPECIMEN	KU	SEMC	282256		Stephen, William		CC_BY_4_0		Garrett, C			2023-11-06T16:13:31.158Z	StillImage	GEODETIC_DATUM_ASSUMED_WGS84
658113213	aae308f4-9f9c-4cdd-b4ef-c026f48be551	3344d4ac-1ed6-11e3-bfac-90b11c41863e	Animalia	Arthropoda	Insecta	Hymenoptera	Colletidae	Colletes	Colletes kincaidii		SPECIES	Colletes kincaidii Cockerell, 1898	Colletes kincaidii		CA	Sidney	British Columbia	PRESENT		b554c320-0560-11d8-b851-b8a03c50a862	48.65	-123.4167							1914-08-06T00:00:00	6	8	1914	1348598	1348598	PRESERVED_SPECIMEN	KU	SEMC	282254		Stephen, William		CC_BY_4_0		Sladen, F			2023-11-06T16:13:32.284Z		GEODETIC_DATUM_ASSUMED_WGS84
658113212	aae308f4-9f9c-4cdd-b4ef-c026f48be551	3344d342-1ed6-11e3-bfac-90b11c41863e	Animalia	Arthropoda	Insecta	Hymenoptera	Colletidae	Colletes	Colletes kincaidii		SPECIES	Colletes kincaidii Cockerell, 1898	Colletes kincaidii		CA	Sidney	British Columbia	PRESENT		b554c320-0560-11d8-b851-b8a03c50a862	48.65	-123.4167							1914-08-06T00:00:00	6	8	1914	1348598	1348598	PRESERVED_SPECIMEN	KU	SEMC	282253		Stephen, William		CC_BY_4_0		Sladen, F			2023-11-06T16:13:31.492Z		GEODETIC_DATUM_ASSUMED_WGS84
658112897	aae308f4-9f9c-4cdd-b4ef-c026f48be551	334453f3-1ed6-11e3-bfac-90b11c41863e	Animalia	Arthropoda	Insecta	Hymenoptera	Colletidae	Colletes	Colletes kincaidii		SPECIES	Colletes kincaidii Cockerell, 1898	Colletes kincaidii		CA	Saanich	British Columbia	PRESENT		b554c320-0560-11d8-b851-b8a03c50a862	48.55	-123.3667							1918-07-02T00:00:00	2	7	1918	1348598	1348598	PRESERVED_SPECIMEN	KU	SEMC	393230				CC_BY_4_0		Downes, W			2023-11-06T16:13:30.937Z		GEODETIC_DATUM_ASSUMED_WGS84
658111929	aae308f4-9f9c-4cdd-b4ef-c026f48be551	33362cc1-1ed6-11e3-bfac-90b11c41863e	Animalia	Arthropoda	Insecta	Hymenoptera	Colletidae	Colletes	Colletes fulgidus	fulgidus	SUBSPECIES	Colletes fulgidus fulgidus	Colletes fulgidus fulgidus		CA	Keremeos	British Columbia	PRESENT		b554c320-0560-11d8-b851-b8a03c50a862	49.2	-119.8167							1917-08-21T00:00:00	21	8	1917	7046483	1348647	PRESERVED_SPECIMEN	KU	SEMC	392902				CC_BY_4_0		Sladen, F			2023-11-06T16:13:30.850Z		GEODETIC_DATUM_ASSUMED_WGS84
4421031729	50c9509d-22c7-4a22-a47d-8c48425ef4a7	https://www.inaturalist.org/observations/179890330	Animalia	Arthropoda	Insecta	Hymenoptera	Colletidae	Hylaeus	Hylaeus punctatus		SPECIES	Hylaeus punctatus (Brullé, 1832)	Hylaeus punctatus		US		Washington	PRESENT		28eb1a3f-1c15-4a95-931a-4af90ecb574d	48.723084	-122.48368	14.0						2023-08-23T15:09:00	23	8	2023	1350002	1350002	HUMAN_OBSERVATION	iNaturalist	Observations	179890330		John S. Ascher	2023-08-24T16:39:30	CC_BY_NC_4_0	Jefferson Ashby	Jefferson Ashby			2023-11-22T05:35:04.912Z	StillImage	COORDINATE_ROUNDED;CONTINENT_DERIVED_FROM_COORDINATES;TAXON_MATCH_TAXON_ID_IGNORED
4420712728	50c9509d-22c7-4a22-a47d-8c48425ef4a7	https://www.inaturalist.org/observations/179888834	Animalia	Arthropoda	Insecta	Hymenoptera	Colletidae	Hylaeus	Hylaeus punctatus		SPECIES	Hylaeus punctatus (Brullé, 1832)	Hylaeus punctatus		US		Washington	PRESENT		28eb1a3f-1c15-4a95-931a-4af90ecb574d	48.723214	-122.483769							2023-08-23T14:54:38	23	8	2023	1350002	1350002	HUMAN_OBSERVATION	iNaturalist	Observations	179888834		John S. Ascher	2023-08-24T16:39:40	CC_BY_NC_4_0	Jefferson Ashby	Jefferson Ashby			2023-11-22T05:32:55.955Z	StillImage	COORDINATE_ROUNDED;CONTINENT_DERIVED_FROM_COORDINATES;TAXON_MATCH_TAXON_ID_IGNORED
4407097414	50c9509d-22c7-4a22-a47d-8c48425ef4a7	https://www.inaturalist.org/observations/170944273	Animalia	Arthropoda	Insecta	Hymenoptera	Colletidae	Colletes	Colletes fulgidus		SPECIES	Colletes fulgidus Swenk, 1904	Colletes fulgidus		CA		British Columbia	PRESENT		28eb1a3f-1c15-4a95-931a-4af90ecb574d	49.677666	-124.978374	6.0						2023-07-03T16:55:08	3	7	2023	1348647	1348647	HUMAN_OBSERVATION	iNaturalist	Observations	170944273		Pete Lypkie	2023-08-31T03:49:11	CC_BY_4_0	Pete Lypkie	Pete Lypkie			2023-11-22T06:36:19.972Z	StillImage	COORDINATE_ROUNDED;CONTINENT_DERIVED_FROM_COORDINATES;TAXON_MATCH_TAXON_ID_IGNORED
4168274468	4bfac3ea-8763-4f4b-a71a-76a6f5f243d3	MCZ:Ent:785279	Animalia	Arthropoda	Insecta	Hymenoptera	Colletidae				FAMILY	Colletidae	Colletidae sp. Lepeletier, 1841	Lepeletier, 1841	CA	White Rock	British Columbia	PRESENT	1	b4640710-8e03-11d8-b956-b8a03c50a862	49.02928	-122.80671	4090.0	1.0E-5					1988-07-09T00:00:00	9	7	1988	7905		PRESERVED_SPECIMEN	MCZ	Ent	785279		[no agent data]		CC_BY_NC_4_0	President and Fellows of Harvard College	James M. Carpenter			2023-11-23T14:28:07.821Z	StillImage	TAXON_MATCH_HIGHERRANK;INSTITUTION_MATCH_FUZZY;COLLECTION_MATCH_FUZZY
4168271499	4bfac3ea-8763-4f4b-a71a-76a6f5f243d3	MCZ:Ent:787162	Animalia	Arthropoda	Insecta	Hymenoptera	Colletidae	Hylaeus	Hylaeus episcopalis		SPECIES	Hylaeus episcopalis (Cockerell, 1896)	Hylaeus episcopalis (Cockerell, 1896)	(Cockerell, 1896)	CA	Vancouver	British Columbia	PRESENT	1	b4640710-8e03-11d8-b956-b8a03c50a862	49.27554	-123.12509	11312.0	1.0E-5									1349860	1349860	PRESERVED_SPECIMEN	MCZ	Ent	787162		Roy R. Snelling		CC_BY_NC_4_0	President and Fellows of Harvard College	[no agent data]			2023-11-23T14:26:17.447Z	StillImage	INSTITUTION_MATCH_FUZZY;COLLECTION_MATCH_FUZZY
4168270514	4bfac3ea-8763-4f4b-a71a-76a6f5f243d3	MCZ:Ent:787161	Animalia	Arthropoda	Insecta	Hymenoptera	Colletidae	Hylaeus	Hylaeus episcopalis		SPECIES	Hylaeus episcopalis (Cockerell, 1896)	Hylaeus episcopalis (Cockerell, 1896)	(Cockerell, 1896)	CA	Terrace	British Columbia	PRESENT	1	b4640710-8e03-11d8-b956-b8a03c50a862	54.49282	-128.58059	6455.0	1.0E-5									1349860	1349860	PRESERVED_SPECIMEN	MCZ	Ent	787161		Roy R. Snelling		CC_BY_NC_4_0	President and Fellows of Harvard College	Marianne E. Hippisley Clark			2023-11-23T14:24:47.285Z	StillImage	INSTITUTION_MATCH_FUZZY;COLLECTION_MATCH_FUZZY
4168270455	4bfac3ea-8763-4f4b-a71a-76a6f5f243d3	MCZ:Ent:785280	Animalia	Arthropoda	Insecta	Hymenoptera	Colletidae				FAMILY	Colletidae	Colletidae sp. Lepeletier, 1841	Lepeletier, 1841	CA	White Rock	British Columbia	PRESENT	1	b4640710-8e03-11d8-b956-b8a03c50a862	49.02928	-122.80671	4090.0	1.0E-5					1988-07-09T00:00:00	9	7	1988	7905		PRESERVED_SPECIMEN	MCZ	Ent	785280		[no agent data]		CC_BY_NC_4_0	President and Fellows of Harvard College	James M. Carpenter			2023-11-23T14:34:14.939Z	StillImage	TAXON_MATCH_HIGHERRANK;INSTITUTION_MATCH_FUZZY;COLLECTION_MATCH_FUZZY
4168269447	4bfac3ea-8763-4f4b-a71a-76a6f5f243d3	MCZ:Ent:785275	Animalia	Arthropoda	Insecta	Hymenoptera	Colletidae				FAMILY	Colletidae	Colletidae sp. Lepeletier, 1841	Lepeletier, 1841	CA	Metro Vancouver Regional District, Delta, Ladner	British Columbia	PRESENT	1	b4640710-8e03-11d8-b956-b8a03c50a862	49.08889	-123.08472	4250.0	1.0E-5					1988-07-09T00:00:00	9	7	1988	7905		PRESERVED_SPECIMEN	MCZ	Ent	785275		[no agent data]		CC_BY_NC_4_0	President and Fellows of Harvard College	James M. Carpenter			2023-11-23T14:26:14.456Z	StillImage	TAXON_MATCH_HIGHERRANK;INSTITUTION_MATCH_FUZZY;COLLECTION_MATCH_FUZZY
4168267465	4bfac3ea-8763-4f4b-a71a-76a6f5f243d3	MCZ:Ent:785278	Animalia	Arthropoda	Insecta	Hymenoptera	Colletidae				FAMILY	Colletidae	Colletidae sp. Lepeletier, 1841	Lepeletier, 1841	CA	White Rock	British Columbia	PRESENT	1	b4640710-8e03-11d8-b956-b8a03c50a862	49.02928	-122.80671	4090.0	1.0E-5					1988-07-09T00:00:00	9	7	1988	7905		PRESERVED_SPECIMEN	MCZ	Ent	785278		[no agent data]		CC_BY_NC_4_0	President and Fellows of Harvard College	James M. Carpenter			2023-11-23T14:28:07.980Z	StillImage	TAXON_MATCH_HIGHERRANK;INSTITUTION_MATCH_FUZZY;COLLECTION_MATCH_FUZZY
4168264451	4bfac3ea-8763-4f4b-a71a-76a6f5f243d3	MCZ:Ent:785276	Animalia	Arthropoda	Insecta	Hymenoptera	Colletidae				FAMILY	Colletidae	Colletidae sp. Lepeletier, 1841	Lepeletier, 1841	CA	Metro Vancouver Regional District, Delta, Ladner	British Columbia	PRESENT	1	b4640710-8e03-11d8-b956-b8a03c50a862	49.08889	-123.08472	4250.0	1.0E-5					1988-07-09T00:00:00	9	7	1988	7905		PRESERVED_SPECIMEN	MCZ	Ent	785276		[no agent data]		CC_BY_NC_4_0	President and Fellows of Harvard College	James M. Carpenter			2023-11-23T14:32:28.477Z	StillImage	TAXON_MATCH_HIGHERRANK;INSTITUTION_MATCH_FUZZY;COLLECTION_MATCH_FUZZY
4168262461	4bfac3ea-8763-4f4b-a71a-76a6f5f243d3	MCZ:Ent:785277	Animalia	Arthropoda	Insecta	Hymenoptera	Colletidae				FAMILY	Colletidae	Colletidae sp. Lepeletier, 1841	Lepeletier, 1841	CA	Metro Vancouver Regional District, Delta, Ladner	British Columbia	PRESENT	1	b4640710-8e03-11d8-b956-b8a03c50a862	49.08889	-123.08472	4250.0	1.0E-5					1988-07-09T00:00:00	9	7	1988	7905		PRESERVED_SPECIMEN	MCZ	Ent	785277		[no agent data]		CC_BY_NC_4_0	President and Fellows of Harvard College	James M. Carpenter			2023-11-23T14:28:12.061Z	StillImage	TAXON_MATCH_HIGHERRANK;INSTITUTION_MATCH_FUZZY;COLLECTION_MATCH_FUZZY
3947400732	50c9509d-22c7-4a22-a47d-8c48425ef4a7	https://www.inaturalist.org/observations/128642934	Animalia	Arthropoda	Insecta	Hymenoptera	Colletidae	Hylaeus	Hylaeus punctatus		SPECIES	Hylaeus punctatus (Brullé, 1832)	Hylaeus punctatus		CA		British Columbia	PRESENT		28eb1a3f-1c15-4a95-931a-4af90ecb574d	49.323933	-122.954353	5.0						2022-07-19T07:14:44	19	7	2022	1350002	1350002	HUMAN_OBSERVATION	iNaturalist	Observations	128642934		jguy	2022-07-30T17:31:02	CC_BY_NC_4_0	jguy	jguy			2023-11-22T06:31:41.025Z	StillImage	COORDINATE_ROUNDED;CONTINENT_DERIVED_FROM_COORDINATES;TAXON_MATCH_TAXON_ID_IGNORED
3801931812	68513375-3aa5-4f6f-9975-d97d56c21d61	130e148c-9d39-4908-a816-29676a757bbf	Animalia	Arthropoda	Insecta	Hymenoptera	Colletidae	Colletes	Colletes fulgidus	fulgidus	SUBSPECIES	Colletes fulgidus fulgidus	Colletes fulgidus fulgidus Swenk, 1904	Swenk, 1904	CA		British Columbia	PRESENT	1	fd0038d0-3e7b-11d9-8439-b8a03c50a862	49.25	-123.133333	10000.0						1929-07-01T00:00:00	1	7	1929	7046483	1348647	PRESERVED_SPECIMEN	INHS		INHS Insect Collection 367057			2007-01-01T00:00:00	CC_BY_4_0		H.H. Ross			2023-11-23T14:40:36.315Z		GEODETIC_DATUM_ASSUMED_WGS84;CONTINENT_DERIVED_FROM_COORDINATES;COLLECTION_MATCH_NONE
3801930787	68513375-3aa5-4f6f-9975-d97d56c21d61	2ff0d9f3-8d84-4c75-bda3-b37f840d084e	Animalia	Arthropoda	Insecta	Hymenoptera	Colletidae	Colletes	Colletes fulgidus	fulgidus	SUBSPECIES	Colletes fulgidus fulgidus	Colletes fulgidus fulgidus Swenk, 1904	Swenk, 1904	CA		British Columbia	PRESENT	1	fd0038d0-3e7b-11d9-8439-b8a03c50a862	49.25	-123.133333	10000.0						1929-07-01T00:00:00	1	7	1929	7046483	1348647	PRESERVED_SPECIMEN	INHS		INHS Insect Collection 367056			2007-01-01T00:00:00	CC_BY_4_0		H.H. Ross			2023-11-23T14:40:33.887Z		GEODETIC_DATUM_ASSUMED_WGS84;CONTINENT_DERIVED_FROM_COORDINATES;COLLECTION_MATCH_NONE
3801929783	68513375-3aa5-4f6f-9975-d97d56c21d61	dc2e13fb-4808-414a-9c2f-74388cac7ee7	Animalia	Arthropoda	Insecta	Hymenoptera	Colletidae	Colletes	Colletes fulgidus	fulgidus	SUBSPECIES	Colletes fulgidus fulgidus	Colletes fulgidus fulgidus Swenk, 1904	Swenk, 1904	CA		British Columbia	PRESENT	1	fd0038d0-3e7b-11d9-8439-b8a03c50a862	49.25	-123.133333	10000.0						1929-07-01T00:00:00	1	7	1929	7046483	1348647	PRESERVED_SPECIMEN	INHS		INHS Insect Collection 367055			2007-01-01T00:00:00	CC_BY_4_0		H.H. Ross			2023-11-23T14:40:35.827Z		GEODETIC_DATUM_ASSUMED_WGS84;CONTINENT_DERIVED_FROM_COORDINATES;COLLECTION_MATCH_NONE
3801926803	68513375-3aa5-4f6f-9975-d97d56c21d61	a66171ab-9726-4ecc-b176-0d8929338232	Animalia	Arthropoda	Insecta	Hymenoptera	Colletidae	Colletes	Colletes fulgidus	fulgidus	SUBSPECIES	Colletes fulgidus fulgidus	Colletes fulgidus fulgidus Swenk, 1904	Swenk, 1904	CA		British Columbia	PRESENT	1	fd0038d0-3e7b-11d9-8439-b8a03c50a862	49.25	-123.133333	10000.0						1929-07-01T00:00:00	1	7	1929	7046483	1348647	PRESERVED_SPECIMEN	INHS		INHS Insect Collection 367054			2007-01-01T00:00:00	CC_BY_4_0		H.H. Ross			2023-11-23T14:40:34.873Z		GEODETIC_DATUM_ASSUMED_WGS84;CONTINENT_DERIVED_FROM_COORDINATES;COLLECTION_MATCH_NONE
3801849809	68513375-3aa5-4f6f-9975-d97d56c21d61	eb82b6a4-d140-4239-8c6d-0e7f4e2225bc	Animalia	Arthropoda	Insecta	Hymenoptera	Colletidae	Colletes	Colletes fulgidus	fulgidus	SUBSPECIES	Colletes fulgidus fulgidus	Colletes fulgidus fulgidus Swenk, 1904	Swenk, 1904	CA		British Columbia	PRESENT	1	fd0038d0-3e7b-11d9-8439-b8a03c50a862	49.25	-123.133333	10000.0						1929-06-20T00:00:00	20	6	1929	7046483	1348647	PRESERVED_SPECIMEN	INHS		INHS Insect Collection 367053			2007-01-01T00:00:00	CC_BY_4_0		H.H. Ross			2023-11-23T14:40:34.012Z		GEODETIC_DATUM_ASSUMED_WGS84;CONTINENT_DERIVED_FROM_COORDINATES;COLLECTION_MATCH_NONE
3801368153	68513375-3aa5-4f6f-9975-d97d56c21d61	7bfece47-9e26-4606-8c0e-c4579f0a9c7a	Animalia	Arthropoda	Insecta	Hymenoptera	Colletidae	Colletes	Colletes kincaidii		SPECIES	Colletes kincaidii Cockerell, 1898	Colletes kincaidii Cockerell, 1898	Cockerell, 1898	CA		British Columbia	PRESENT	1	fd0038d0-3e7b-11d9-8439-b8a03c50a862	49.25	-123.133333	10000.0						1929-07-08T00:00:00	8	7	1929	1348598	1348598	PRESERVED_SPECIMEN	INHS		INHS Insect Collection 356196			1969-01-01T00:00:00	CC_BY_4_0		H.H. Ross			2023-11-23T14:40:36.577Z		GEODETIC_DATUM_ASSUMED_WGS84;CONTINENT_DERIVED_FROM_COORDINATES;COLLECTION_MATCH_NONE
3801363128	68513375-3aa5-4f6f-9975-d97d56c21d61	b809d0dc-63aa-40bc-ad7e-6ff24c5e4c06	Animalia	Arthropoda	Insecta	Hymenoptera	Colletidae	Colletes			GENUS	Colletes Latreille, 1802	Colletes		CA		British Columbia	PRESENT	1	fd0038d0-3e7b-11d9-8439-b8a03c50a862	49.212833	-123.18	10000.0						1999-07-10T00:00:00	10	7	1999	1348504		PRESERVED_SPECIMEN	INHS		INHS Insect Collection 375031			2007-01-01T00:00:00	CC_BY_4_0		K.C. Holston			2023-11-23T14:40:34.106Z		GEODETIC_DATUM_ASSUMED_WGS84;CONTINENT_DERIVED_FROM_COORDINATES;COLLECTION_MATCH_NONE
3801340343	68513375-3aa5-4f6f-9975-d97d56c21d61	f787c01b-2846-4a0e-b9e3-cb70eb562624	Animalia	Arthropoda	Insecta	Hymenoptera	Colletidae	Hylaeus			GENUS	Hylaeus Fabricius, 1793	Hylaeus		US		Washington	PRESENT	1	fd0038d0-3e7b-11d9-8439-b8a03c50a862	48.89028	-121.94444	10000.0						1929-07-13T00:00:00	13	7	1929	1349360		PRESERVED_SPECIMEN	INHS		INHS Insect Collection 374963			2007-01-01T00:00:00	CC_BY_4_0		H.H. Ross			2023-11-23T14:40:36.646Z		GEODETIC_DATUM_ASSUMED_WGS84;CONTINENT_DERIVED_FROM_COORDINATES;COLLECTION_MATCH_NONE
3801329122	68513375-3aa5-4f6f-9975-d97d56c21d61	04ed5f4c-5afe-4200-ba54-262303834aa7	Animalia	Arthropoda	Insecta	Hymenoptera	Colletidae	Hylaeus	Hylaeus modestus		SPECIES	Hylaeus modestus Say, 1837	Hylaeus (Prosopis) modestus modestus Say, 1837	Say, 1837	CA		British Columbia	PRESENT	1	fd0038d0-3e7b-11d9-8439-b8a03c50a862	49.25	-123.133333	10000.0						1929-07-01T00:00:00	1	7	1929	1349446	1349446	PRESERVED_SPECIMEN	INHS		INHS Insect Collection 373015			2007-01-01T00:00:00	CC_BY_4_0		H.H. Ross			2023-11-23T14:40:36.512Z		GEODETIC_DATUM_ASSUMED_WGS84;CONTINENT_DERIVED_FROM_COORDINATES;TAXON_MATCH_HIGHERRANK;COLLECTION_MATCH_NONE
3801328113	68513375-3aa5-4f6f-9975-d97d56c21d61	96d15281-4304-4005-976b-cef834602df0	Animalia	Arthropoda	Insecta	Hymenoptera	Colletidae	Hylaeus	Hylaeus modestus		SPECIES	Hylaeus modestus Say, 1837	Hylaeus (Prosopis) modestus modestus Say, 1837	Say, 1837	CA		British Columbia	PRESENT	1	fd0038d0-3e7b-11d9-8439-b8a03c50a862	49.25	-123.133333	10000.0						1929-06-23T00:00:00	23	6	1929	1349446	1349446	PRESERVED_SPECIMEN	INHS		INHS Insect Collection 373014			2007-01-01T00:00:00	CC_BY_4_0		H.H. Ross			2023-11-23T14:40:35.930Z		GEODETIC_DATUM_ASSUMED_WGS84;CONTINENT_DERIVED_FROM_COORDINATES;TAXON_MATCH_HIGHERRANK;COLLECTION_MATCH_NONE
3355721506	50c9509d-22c7-4a22-a47d-8c48425ef4a7	https://www.inaturalist.org/observations/93208128	Animalia	Arthropoda	Insecta	Hymenoptera	Colletidae	Hylaeus	Hylaeus punctatus		SPECIES	Hylaeus punctatus (Brullé, 1832)	Hylaeus punctatus		CA		British Columbia	PRESENT		28eb1a3f-1c15-4a95-931a-4af90ecb574d	49.243325	-123.104452	177.0						2021-08-31T14:52:00	31	8	2021	1350002	1350002	HUMAN_OBSERVATION	iNaturalist	Observations	93208128		John S. Ascher	2021-09-01T02:33:19	CC_BY_NC_4_0	beespeaker	beespeaker			2023-11-22T05:23:02.163Z	StillImage	COORDINATE_ROUNDED;CONTINENT_DERIVED_FROM_COORDINATES;TAXON_MATCH_TAXON_ID_IGNORED
3346912460	d8cd16ba-bb74-4420-821e-083f2bac17c2	JN293763	Animalia	Arthropoda	Insecta	Hymenoptera	Colletidae	Colletes	Colletes kincaidii		SPECIES	Colletes kincaidii Cockerell, 1898	Colletes kincaidii		CA			PRESENT		ada9d123-ddb4-467d-8891-806ea8d94230	49.26	-123.25							2010-07-10T00:00:00	10	7	2010	1348598	1348598	PRESERVED_SPECIMEN			BIOUG<CAN>:10BBCHY-3272				CC_BY_4_0		BIObus 2010			2023-11-25T12:41:59.927Z		GEODETIC_DATUM_ASSUMED_WGS84;CONTINENT_DERIVED_FROM_COORDINATES;TAXON_MATCH_TAXON_CONCEPT_ID_IGNORED;TAXON_MATCH_TAXON_ID_IGNORED
3337687423	50c9509d-22c7-4a22-a47d-8c48425ef4a7	https://www.inaturalist.org/observations/91350060	Animalia	Arthropoda	Insecta	Hymenoptera	Colletidae	Hylaeus	Hylaeus punctatus		SPECIES	Hylaeus punctatus (Brullé, 1832)	Hylaeus punctatus		CA		British Columbia	PRESENT		28eb1a3f-1c15-4a95-931a-4af90ecb574d	49.250124	-123.082422	89230.0						2021-08-15T08:32:46	15	8	2021	1350002	1350002	HUMAN_OBSERVATION	iNaturalist	Observations	91350060		John S. Ascher	2021-08-16T00:40:32	CC_BY_NC_4_0	T.B.	T.B.			2023-11-22T06:26:00.982Z	StillImage	COORDINATE_ROUNDED;CONTINENT_DERIVED_FROM_COORDINATES;TAXON_MATCH_TAXON_ID_IGNORED
3335122512	50c9509d-22c7-4a22-a47d-8c48425ef4a7	https://www.inaturalist.org/observations/87467634	Animalia	Arthropoda	Insecta	Hymenoptera	Colletidae	Hylaeus	Hylaeus punctatus		SPECIES	Hylaeus punctatus (Brullé, 1832)	Hylaeus punctatus		CA		British Columbia	PRESENT		28eb1a3f-1c15-4a95-931a-4af90ecb574d	49.148555	-122.933703	957.0						2021-07-17T11:51:00	17	7	2021	1350002	1350002	HUMAN_OBSERVATION	iNaturalist	Observations	87467634		John S. Ascher	2021-08-08T07:32:17	CC_BY_NC_4_0	zihuadean	zihuadean			2023-11-22T05:47:37.658Z	StillImage	COORDINATE_ROUNDED;CONTINENT_DERIVED_FROM_COORDINATES;TAXON_MATCH_TAXON_ID_IGNORED
3335117525	50c9509d-22c7-4a22-a47d-8c48425ef4a7	https://www.inaturalist.org/observations/88072899	Animalia	Arthropoda	Insecta	Hymenoptera	Colletidae	Hylaeus	Hylaeus punctatus		SPECIES	Hylaeus punctatus (Brullé, 1832)	Hylaeus punctatus		CA		British Columbia	PRESENT		28eb1a3f-1c15-4a95-931a-4af90ecb574d	48.464492	-123.310323							2021-07-21T15:21:00	21	7	2021	1350002	1350002	HUMAN_OBSERVATION	iNaturalist	Observations	88072899		John S. Ascher	2021-08-08T07:27:27	CC_BY_NC_4_0	Bob McDougall	Bob McDougall			2023-11-22T05:22:28.037Z	StillImage	COORDINATE_ROUNDED;CONTINENT_DERIVED_FROM_COORDINATES;TAXON_MATCH_TAXON_ID_IGNORED
3330729430	50c9509d-22c7-4a22-a47d-8c48425ef4a7	https://www.inaturalist.org/observations/88072896	Animalia	Arthropoda	Insecta	Hymenoptera	Colletidae	Hylaeus	Hylaeus punctatus		SPECIES	Hylaeus punctatus (Brullé, 1832)	Hylaeus punctatus		CA		British Columbia	PRESENT		28eb1a3f-1c15-4a95-931a-4af90ecb574d	48.464483	-123.310287							2021-07-21T15:04:00	21	7	2021	1350002	1350002	HUMAN_OBSERVATION	iNaturalist	Observations	88072896		John S. Ascher	2021-07-22T07:05:56	CC_BY_NC_4_0	Bob McDougall	Bob McDougall			2023-11-22T05:22:17.172Z	StillImage	COORDINATE_ROUNDED;CONTINENT_DERIVED_FROM_COORDINATES;TAXON_MATCH_TAXON_ID_IGNORED
3330618491	50c9509d-22c7-4a22-a47d-8c48425ef4a7	https://www.inaturalist.org/observations/88072898	Animalia	Arthropoda	Insecta	Hymenoptera	Colletidae	Hylaeus	Hylaeus punctatus		SPECIES	Hylaeus punctatus (Brullé, 1832)	Hylaeus punctatus		CA		British Columbia	PRESENT		28eb1a3f-1c15-4a95-931a-4af90ecb574d	48.464492	-123.310323							2021-07-21T15:18:00	21	7	2021	1350002	1350002	HUMAN_OBSERVATION	iNaturalist	Observations	88072898		John S. Ascher	2021-07-22T07:06:06	CC_BY_NC_4_0	Bob McDougall	Bob McDougall			2023-11-22T05:22:26.626Z	StillImage	COORDINATE_ROUNDED;CONTINENT_DERIVED_FROM_COORDINATES;TAXON_MATCH_TAXON_ID_IGNORED
2248749883	040c5662-da76-4782-a48e-cdea1892d14c	http://bins.boldsystems.org/index.php/Public_RecordView?processid=BEECB1010-07	Animalia	Arthropoda	Insecta	Hymenoptera	Colletidae	Hylaeus			UNRANKED	BOLD:ACF1717	BOLD:ACF1717		CA	BC5, 10 km S Courtenay	British Columbia	PRESENT		b3bf3a83-1f68-4541-a03f-330d30d567f5	49.5861	-124.887			6.0	0.0							10102441		MATERIAL_SAMPLE					Cory S. Sheffield		CC_BY_4_0		Jason Gibbs and Cory Sheffield			2023-11-25T15:52:05.542Z		GEODETIC_DATUM_ASSUMED_WGS84;CONTINENT_DERIVED_FROM_COORDINATES;TAXON_MATCH_TAXON_CONCEPT_ID_IGNORED;TAXON_MATCH_TAXON_ID_IGNORED
1841460337	f9a70dab-004b-45ad-90cb-24d8ff645b44	10BBCHY-3272	Animalia	Arthropoda	Insecta	Hymenoptera	Colletidae	Colletes	Colletes kincaidii		SPECIES	Colletes kincaidii Cockerell, 1898	Colletes kincaidii Cockerell	Cockerell	CA	Vancouver|University of British Columbia|Parking lot	British Columbia	PRESENT		296fe5cf-ae43-4212-8f77-293e807d0d5a	49.26	-123.25			93.0	0.0			2010-07-10T00:00:00	10	7	2010	1348598	1348598	PRESERVED_SPECIMEN	University of Guelph, Centre for Biodiversity Genomics	BIOUG	BBHYL318-10		Julie K. Stahlhut		CC0_1_0	University of Guelph	BIObus 2010			2023-09-07T11:25:52.788Z		GEODETIC_DATUM_ASSUMED_WGS84;COORDINATE_PRECISION_INVALID;INSTITUTION_MATCH_NONE
1456719361	f519367d-6b9d-411c-b319-99424741e7de	http://www.discoverlife.org/mp/20l?id=USGS_DRO307980	Animalia	Arthropoda	Insecta	Hymenoptera	Colletidae	Colletes			GENUS	Colletes Latreille, 1802	Colletes fulgidus_fulgidus		US		Washington	PRESENT		c3ad790a-d426-4ac1-8e32-da61f81f0117	48.4618	-123.0046	500.0						2011-07-08T00:00:00	8	7	2011	1348504		PRESERVED_SPECIMEN	USGS		USGS_DRO307980		Kimberly Huntzinger	2014-01-01T00:00:00	CC0_1_0		Jerald Weaver			2023-09-07T11:23:23.341Z		GEODETIC_DATUM_ASSUMED_WGS84;CONTINENT_DERIVED_FROM_COORDINATES;TAXON_MATCH_HIGHERRANK;COLLECTION_MATCH_NONE
1414095196	040c5662-da76-4782-a48e-cdea1892d14c	http://bins.boldsystems.org/index.php/Public_RecordView?processid=BBHYL318-10	Animalia	Arthropoda	Insecta	Hymenoptera	Colletidae	Colletes	Colletes kincaidii		UNRANKED	BOLD:AAB6621	BOLD:AAB6621		CA	Vancouver, University of British Columbia, Parking lot	British Columbia	PRESENT		b3bf3a83-1f68-4541-a03f-330d30d567f5	49.26	-123.25			93.0	0.0			2010-07-10T00:00:00	10	7	2010	9840372	1348598	MATERIAL_SAMPLE			10BBCHY-3272		Julie K. Stahlhut		CC_BY_4_0		BIObus 2010			2023-11-25T15:51:32.657Z		GEODETIC_DATUM_ASSUMED_WGS84;CONTINENT_DERIVED_FROM_COORDINATES;TAXON_MATCH_TAXON_CONCEPT_ID_IGNORED;TAXON_MATCH_TAXON_ID_IGNORED
126222686	042b2294-d6ec-4a9c-bafe-0be82c035350		Animalia	Arthropoda	Insecta	Hymenoptera	Colletidae	Colletes			GENUS	Colletes Latreille, 1802	Colletes unidentified		CA			PRESENT		719e2ab0-91c8-11dc-8602-b8a03c50a862	49.156111	-122.433889							2003-06-29T00:00:00	29	6	2003	1348504		PRESERVED_SPECIMEN	BBSL	BBSL	SFU6758				CC_BY_4_0					2023-11-16T12:29:18.390Z		GEODETIC_DATUM_ASSUMED_WGS84;CONTINENT_DERIVED_FROM_COORDINATES;TAXON_MATCH_HIGHERRANK;INSTITUTION_MATCH_NONE
126222685	042b2294-d6ec-4a9c-bafe-0be82c035350		Animalia	Arthropoda	Insecta	Hymenoptera	Colletidae	Colletes			GENUS	Colletes Latreille, 1802	Colletes unidentified		CA			PRESENT		719e2ab0-91c8-11dc-8602-b8a03c50a862	49.147778	-123.065278							2003-06-26T00:00:00	26	6	2003	1348504		PRESERVED_SPECIMEN	BBSL	BBSL	SFU6757				CC_BY_4_0					2023-11-16T12:29:18.387Z		GEODETIC_DATUM_ASSUMED_WGS84;CONTINENT_DERIVED_FROM_COORDINATES;TAXON_MATCH_HIGHERRANK;INSTITUTION_MATCH_NONE
126220790	042b2294-d6ec-4a9c-bafe-0be82c035350		Animalia	Arthropoda	Insecta	Hymenoptera	Colletidae	Hylaeus	Hylaeus modestus		SPECIES	Hylaeus modestus Say, 1837	Hylaeus modestus citriaifrons		CA			PRESENT		719e2ab0-91c8-11dc-8602-b8a03c50a862	49.1925	-123.045556							2003-06-30T00:00:00	30	6	2003	1349446	1349446	PRESERVED_SPECIMEN	BBSL	BBSL	SFU4853				CC_BY_4_0					2023-11-16T12:29:18.847Z		GEODETIC_DATUM_ASSUMED_WGS84;CONTINENT_DERIVED_FROM_COORDINATES;TAXON_MATCH_HIGHERRANK;INSTITUTION_MATCH_NONE
126220789	042b2294-d6ec-4a9c-bafe-0be82c035350		Animalia	Arthropoda	Insecta	Hymenoptera	Colletidae	Hylaeus	Hylaeus modestus		SPECIES	Hylaeus modestus Say, 1837	Hylaeus modestus citriaifrons		CA			PRESENT		719e2ab0-91c8-11dc-8602-b8a03c50a862	49.1925	-123.045556							2003-06-22T00:00:00	22	6	2003	1349446	1349446	PRESERVED_SPECIMEN	BBSL	BBSL	SFU4852				CC_BY_4_0					2023-11-16T12:29:18.502Z		GEODETIC_DATUM_ASSUMED_WGS84;CONTINENT_DERIVED_FROM_COORDINATES;TAXON_MATCH_HIGHERRANK;INSTITUTION_MATCH_NONE
126220788	042b2294-d6ec-4a9c-bafe-0be82c035350		Animalia	Arthropoda	Insecta	Hymenoptera	Colletidae	Hylaeus	Hylaeus modestus		SPECIES	Hylaeus modestus Say, 1837	Hylaeus modestus citriaifrons		CA			PRESENT		719e2ab0-91c8-11dc-8602-b8a03c50a862	49.249722	-122.717222							2003-06-23T00:00:00	23	6	2003	1349446	1349446	PRESERVED_SPECIMEN	BBSL	BBSL	SFU4851				CC_BY_4_0					2023-11-16T12:29:18.500Z		GEODETIC_DATUM_ASSUMED_WGS84;CONTINENT_DERIVED_FROM_COORDINATES;TAXON_MATCH_HIGHERRANK;INSTITUTION_MATCH_NONE
126220787	042b2294-d6ec-4a9c-bafe-0be82c035350		Animalia	Arthropoda	Insecta	Hymenoptera	Colletidae	Hylaeus	Hylaeus modestus		SPECIES	Hylaeus modestus Say, 1837	Hylaeus modestus citriaifrons		CA			PRESENT		719e2ab0-91c8-11dc-8602-b8a03c50a862	49.249722	-122.717222							2003-07-05T00:00:00	5	7	2003	1349446	1349446	PRESERVED_SPECIMEN	BBSL	BBSL	SFU4850				CC_BY_4_0					2023-11-16T12:29:18.501Z		GEODETIC_DATUM_ASSUMED_WGS84;CONTINENT_DERIVED_FROM_COORDINATES;TAXON_MATCH_HIGHERRANK;INSTITUTION_MATCH_NONE
126220786	042b2294-d6ec-4a9c-bafe-0be82c035350		Animalia	Arthropoda	Insecta	Hymenoptera	Colletidae	Hylaeus	Hylaeus modestus		SPECIES	Hylaeus modestus Say, 1837	Hylaeus modestus citriaifrons		CA			PRESENT		719e2ab0-91c8-11dc-8602-b8a03c50a862	49.223611	-122.753333							2003-06-19T00:00:00	19	6	2003	1349446	1349446	PRESERVED_SPECIMEN	BBSL	BBSL	SFU4849				CC_BY_4_0					2023-11-16T12:29:18.501Z		GEODETIC_DATUM_ASSUMED_WGS84;CONTINENT_DERIVED_FROM_COORDINATES;TAXON_MATCH_HIGHERRANK;INSTITUTION_MATCH_NONE
126220785	042b2294-d6ec-4a9c-bafe-0be82c035350		Animalia	Arthropoda	Insecta	Hymenoptera	Colletidae	Hylaeus	Hylaeus modestus		SPECIES	Hylaeus modestus Say, 1837	Hylaeus modestus citriaifrons		CA			PRESENT		719e2ab0-91c8-11dc-8602-b8a03c50a862	49.223611	-122.753333							2003-07-01T00:00:00	1	7	2003	1349446	1349446	PRESERVED_SPECIMEN	BBSL	BBSL	SFU4848				CC_BY_4_0					2023-11-16T12:29:18.502Z		GEODETIC_DATUM_ASSUMED_WGS84;CONTINENT_DERIVED_FROM_COORDINATES;TAXON_MATCH_HIGHERRANK;INSTITUTION_MATCH_NONE
126220784	042b2294-d6ec-4a9c-bafe-0be82c035350		Animalia	Arthropoda	Insecta	Hymenoptera	Colletidae	Hylaeus	Hylaeus modestus		SPECIES	Hylaeus modestus Say, 1837	Hylaeus modestus citriaifrons		CA			PRESENT		719e2ab0-91c8-11dc-8602-b8a03c50a862	49.223611	-122.753333							2003-07-01T00:00:00	1	7	2003	1349446	1349446	PRESERVED_SPECIMEN	BBSL	BBSL	SFU4847				CC_BY_4_0					2023-11-16T12:29:18.502Z		GEODETIC_DATUM_ASSUMED_WGS84;CONTINENT_DERIVED_FROM_COORDINATES;TAXON_MATCH_HIGHERRANK;INSTITUTION_MATCH_NONE
126220783	042b2294-d6ec-4a9c-bafe-0be82c035350		Animalia	Arthropoda	Insecta	Hymenoptera	Colletidae	Hylaeus	Hylaeus modestus		SPECIES	Hylaeus modestus Say, 1837	Hylaeus modestus citriaifrons		CA			PRESENT		719e2ab0-91c8-11dc-8602-b8a03c50a862	49.223611	-122.753333							2003-07-01T00:00:00	1	7	2003	1349446	1349446	PRESERVED_SPECIMEN	BBSL	BBSL	SFU4846				CC_BY_4_0					2023-11-16T12:29:18.503Z		GEODETIC_DATUM_ASSUMED_WGS84;CONTINENT_DERIVED_FROM_COORDINATES;TAXON_MATCH_HIGHERRANK;INSTITUTION_MATCH_NONE
126220782	042b2294-d6ec-4a9c-bafe-0be82c035350		Animalia	Arthropoda	Insecta	Hymenoptera	Colletidae	Hylaeus	Hylaeus modestus		SPECIES	Hylaeus modestus Say, 1837	Hylaeus modestus citriaifrons		CA			PRESENT		719e2ab0-91c8-11dc-8602-b8a03c50a862	49.223611	-122.753333							2003-07-01T00:00:00	1	7	2003	1349446	1349446	PRESERVED_SPECIMEN	BBSL	BBSL	SFU4845				CC_BY_4_0					2023-11-16T12:29:18.502Z		GEODETIC_DATUM_ASSUMED_WGS84;CONTINENT_DERIVED_FROM_COORDINATES;TAXON_MATCH_HIGHERRANK;INSTITUTION_MATCH_NONE
126220781	042b2294-d6ec-4a9c-bafe-0be82c035350		Animalia	Arthropoda	Insecta	Hymenoptera	Colletidae	Hylaeus	Hylaeus modestus		SPECIES	Hylaeus modestus Say, 1837	Hylaeus modestus citriaifrons		CA			PRESENT		719e2ab0-91c8-11dc-8602-b8a03c50a862	49.223611	-122.753333							2003-07-05T00:00:00	5	7	2003	1349446	1349446	PRESERVED_SPECIMEN	BBSL	BBSL	SFU4844				CC_BY_4_0					2023-11-16T12:29:18.503Z		GEODETIC_DATUM_ASSUMED_WGS84;CONTINENT_DERIVED_FROM_COORDINATES;TAXON_MATCH_HIGHERRANK;INSTITUTION_MATCH_NONE
126220780	042b2294-d6ec-4a9c-bafe-0be82c035350		Animalia	Arthropoda	Insecta	Hymenoptera	Colletidae	Hylaeus	Hylaeus modestus		SPECIES	Hylaeus modestus Say, 1837	Hylaeus modestus citriaifrons		CA			PRESENT		719e2ab0-91c8-11dc-8602-b8a03c50a862	49.147778	-123.065278							2003-07-04T00:00:00	4	7	2003	1349446	1349446	PRESERVED_SPECIMEN	BBSL	BBSL	SFU4843				CC_BY_4_0					2023-11-16T12:29:18.502Z		GEODETIC_DATUM_ASSUMED_WGS84;CONTINENT_DERIVED_FROM_COORDINATES;TAXON_MATCH_HIGHERRANK;INSTITUTION_MATCH_NONE
126220779	042b2294-d6ec-4a9c-bafe-0be82c035350		Animalia	Arthropoda	Insecta	Hymenoptera	Colletidae	Hylaeus	Hylaeus modestus		SPECIES	Hylaeus modestus Say, 1837	Hylaeus modestus citriaifrons		CA			PRESENT		719e2ab0-91c8-11dc-8602-b8a03c50a862	49.147778	-123.065278							2003-07-04T00:00:00	4	7	2003	1349446	1349446	PRESERVED_SPECIMEN	BBSL	BBSL	SFU4842				CC_BY_4_0					2023-11-16T12:29:18.496Z		GEODETIC_DATUM_ASSUMED_WGS84;CONTINENT_DERIVED_FROM_COORDINATES;TAXON_MATCH_HIGHERRANK;INSTITUTION_MATCH_NONE
126220778	042b2294-d6ec-4a9c-bafe-0be82c035350		Animalia	Arthropoda	Insecta	Hymenoptera	Colletidae	Hylaeus	Hylaeus modestus		SPECIES	Hylaeus modestus Say, 1837	Hylaeus modestus citriaifrons		CA			PRESENT		719e2ab0-91c8-11dc-8602-b8a03c50a862	49.1925	-123.045556							2003-06-30T00:00:00	30	6	2003	1349446	1349446	PRESERVED_SPECIMEN	BBSL	BBSL	SFU4841				CC_BY_4_0					2023-11-16T12:29:18.496Z		GEODETIC_DATUM_ASSUMED_WGS84;CONTINENT_DERIVED_FROM_COORDINATES;TAXON_MATCH_HIGHERRANK;INSTITUTION_MATCH_NONE
126220777	042b2294-d6ec-4a9c-bafe-0be82c035350		Animalia	Arthropoda	Insecta	Hymenoptera	Colletidae	Hylaeus	Hylaeus modestus		SPECIES	Hylaeus modestus Say, 1837	Hylaeus modestus citriaifrons		CA			PRESENT		719e2ab0-91c8-11dc-8602-b8a03c50a862	49.1925	-123.045556							2003-06-30T00:00:00	30	6	2003	1349446	1349446	PRESERVED_SPECIMEN	YorkU	PYU	SFU4840				CC_BY_4_0					2023-11-16T12:29:18.495Z		GEODETIC_DATUM_ASSUMED_WGS84;CONTINENT_DERIVED_FROM_COORDINATES;TAXON_MATCH_HIGHERRANK;INSTITUTION_MATCH_NONE
126220776	042b2294-d6ec-4a9c-bafe-0be82c035350		Animalia	Arthropoda	Insecta	Hymenoptera	Colletidae	Hylaeus	Hylaeus modestus		SPECIES	Hylaeus modestus Say, 1837	Hylaeus modestus citriaifrons		CA			PRESENT		719e2ab0-91c8-11dc-8602-b8a03c50a862	49.147778	-123.065278							2003-07-12T00:00:00	12	7	2003	1349446	1349446	PRESERVED_SPECIMEN	BBSL	BBSL	SFU4839				CC_BY_4_0					2023-11-16T12:29:18.495Z		GEODETIC_DATUM_ASSUMED_WGS84;CONTINENT_DERIVED_FROM_COORDINATES;TAXON_MATCH_HIGHERRANK;INSTITUTION_MATCH_NONE
126220775	042b2294-d6ec-4a9c-bafe-0be82c035350		Animalia	Arthropoda	Insecta	Hymenoptera	Colletidae	Hylaeus	Hylaeus modestus		SPECIES	Hylaeus modestus Say, 1837	Hylaeus modestus citriaifrons		CA			PRESENT		719e2ab0-91c8-11dc-8602-b8a03c50a862	49.147778	-123.065278							2003-07-08T00:00:00	8	7	2003	1349446	1349446	PRESERVED_SPECIMEN	BBSL	BBSL	SFU4838				CC_BY_4_0					2023-11-16T12:29:18.495Z		GEODETIC_DATUM_ASSUMED_WGS84;CONTINENT_DERIVED_FROM_COORDINATES;TAXON_MATCH_HIGHERRANK;INSTITUTION_MATCH_NONE
126220774	042b2294-d6ec-4a9c-bafe-0be82c035350		Animalia	Arthropoda	Insecta	Hymenoptera	Colletidae	Hylaeus	Hylaeus modestus		SPECIES	Hylaeus modestus Say, 1837	Hylaeus modestus citriaifrons		CA			PRESENT		719e2ab0-91c8-11dc-8602-b8a03c50a862	49.147778	-123.065278							2003-07-08T00:00:00	8	7	2003	1349446	1349446	PRESERVED_SPECIMEN	BBSL	BBSL	SFU4837				CC_BY_4_0					2023-11-16T12:29:18.496Z		GEODETIC_DATUM_ASSUMED_WGS84;CONTINENT_DERIVED_FROM_COORDINATES;TAXON_MATCH_HIGHERRANK;INSTITUTION_MATCH_NONE
126220773	042b2294-d6ec-4a9c-bafe-0be82c035350		Animalia	Arthropoda	Insecta	Hymenoptera	Colletidae	Hylaeus	Hylaeus modestus		SPECIES	Hylaeus modestus Say, 1837	Hylaeus modestus citriaifrons		CA			PRESENT		719e2ab0-91c8-11dc-8602-b8a03c50a862	49.147778	-123.065278							2003-07-12T00:00:00	12	7	2003	1349446	1349446	PRESERVED_SPECIMEN	BBSL	BBSL	SFU4836				CC_BY_4_0					2023-11-16T12:29:18.495Z		GEODETIC_DATUM_ASSUMED_WGS84;CONTINENT_DERIVED_FROM_COORDINATES;TAXON_MATCH_HIGHERRANK;INSTITUTION_MATCH_NONE
126217412	042b2294-d6ec-4a9c-bafe-0be82c035350		Animalia	Arthropoda	Insecta	Hymenoptera	Colletidae	Hylaeus	Hylaeus modestus		SPECIES	Hylaeus modestus Say, 1837	Hylaeus modestus citriaifrons		CA			PRESENT		719e2ab0-91c8-11dc-8602-b8a03c50a862	49.1925	-123.045556							2004-06-17T00:00:00	17	6	2004	1349446	1349446	PRESERVED_SPECIMEN	YorkU	PYU	SFU1475				CC_BY_4_0					2023-11-16T12:29:18.718Z		GEODETIC_DATUM_ASSUMED_WGS84;CONTINENT_DERIVED_FROM_COORDINATES;TAXON_MATCH_HIGHERRANK;INSTITUTION_MATCH_NONE
1145938349	8044ee43-c5fe-44da-ad96-cc1a9cfb91ba	http://arctos.database.museum/guid/UAM:Ento:148135?seid=1201061	Animalia	Arthropoda	Insecta	Hymenoptera	Colletidae	Hylaeus	Hylaeus annulatus		SPECIES	Hylaeus annulatus (Linnaeus, 1758)	Hylaeus annulatus		US	Haines	Alaska	PRESENT	1	d9699a79-4736-45c2-925c-f4033ac67d52	59.2355	-135.44683	3680.0		120.5	119.5			1954-07-17T00:00:00	17	7	1954	1350053	1350053	PRESERVED_SPECIMEN	UAM	Ento	UAM:Ento:148135		J. S. Ascher	2014-02-12T00:00:00	CC_BY_4_0		Collector(s): W. C. Frohne			2023-10-29T00:40:32.567Z		CONTINENT_DERIVED_FROM_COORDINATES;OCCURRENCE_STATUS_INFERRED_FROM_INDIVIDUAL_COUNT;AMBIGUOUS_INSTITUTION
1101314834	c53a27b8-d019-460e-8124-662b6fa14d85	a9fd9081-adb9-4a8e-be9c-629bab59cbe7	Animalia	Arthropoda	Insecta	Hymenoptera	Colletidae	Hylaeus	Hylaeus basalis		SPECIES	Hylaeus basalis (Smith, 1853)	Hylaeus (Cephalylaeus) basalis		US	Samish	Washington	PRESENT	1	4cadac10-3e7b-11d9-8439-b8a03c50a862	48.6111	-122.4344	3036.0						1928-06-17T00:00:00	17	6	1928	1350009	1350009	PRESERVED_SPECIMEN	UCM	UCMC	UCMC 0005887		Scott, Virginia Louise	1998-03-26T00:00:00	CC_BY_4_0	University of Colorado				2023-11-01T20:42:17.293Z		GEODETIC_DATUM_ASSUMED_WGS84;OCCURRENCE_STATUS_INFERRED_FROM_INDIVIDUAL_COUNT;INSTITUTION_MATCH_FUZZY;COLLECTION_MATCH_FUZZY
1101314804	c53a27b8-d019-460e-8124-662b6fa14d85	444fcd87-7000-45a5-9ae9-4886da95388f	Animalia	Arthropoda	Insecta	Hymenoptera	Colletidae	Hylaeus	Hylaeus basalis		SPECIES	Hylaeus basalis (Smith, 1853)	Hylaeus (Cephalylaeus) basalis		US	Samish	Washington	PRESENT	1	4cadac10-3e7b-11d9-8439-b8a03c50a862	48.6111	-122.4344	3036.0						1926-06-28T00:00:00	28	6	1926	1350009	1350009	PRESERVED_SPECIMEN	UCM	UCMC	UCMC 0005888		Scott, Virginia Louise	1998-03-26T00:00:00	CC_BY_4_0	University of Colorado				2023-11-01T20:42:04.979Z		GEODETIC_DATUM_ASSUMED_WGS84;OCCURRENCE_STATUS_INFERRED_FROM_INDIVIDUAL_COUNT;INSTITUTION_MATCH_FUZZY;COLLECTION_MATCH_FUZZY
1101314803	c53a27b8-d019-460e-8124-662b6fa14d85	19cbba28-c33c-49e2-a184-1129b8df4cd6	Animalia	Arthropoda	Insecta	Hymenoptera	Colletidae	Hylaeus	Hylaeus basalis		SPECIES	Hylaeus basalis (Smith, 1853)	Hylaeus (Cephalylaeus) basalis		US	Samish	Washington	PRESENT	1	4cadac10-3e7b-11d9-8439-b8a03c50a862	48.6111	-122.4344	3036.0						1926-06-28T00:00:00	28	6	1926	1350009	1350009	PRESERVED_SPECIMEN	UCM	UCMC	UCMC 0005889		Scott, Virginia Louise	1998-03-26T00:00:00	CC_BY_4_0	University of Colorado				2023-11-01T20:42:07.864Z		GEODETIC_DATUM_ASSUMED_WGS84;OCCURRENCE_STATUS_INFERRED_FROM_INDIVIDUAL_COUNT;INSTITUTION_MATCH_FUZZY;COLLECTION_MATCH_FUZZY
